epoch,acc,loss,val_acc,val_loss
0,0.66712326,0.7562225198092526,0.79146343,0.6111783895355004
1,0.9613014,0.132965233227978,0.9268293,0.27768214834997285
2,0.9832192,0.05933860865459867,0.94756097,0.1927632774817399
3,0.99246573,0.028974185871241027,0.94512194,0.1748988091533717
4,0.9928082,0.022039087029327064,0.93414634,0.23869889909222436
