epoch,acc,loss,val_acc,val_loss
0,0.68558335,0.6539966958363851,0.935,0.2353426037977139
1,0.9809167,0.06041389795641104,0.96566665,0.22058130598937473
2,0.98983335,0.033586428749064604,1.0,0.007654951487590249
