epoch,acc,loss,val_acc,val_loss
0,0.68558335,0.6539966958363851,0.935,0.2353426037977139
1,0.9809167,0.06041389795641104,0.96566665,0.22058130598937473
2,0.98983335,0.033586428749064604,1.0,0.007654951487590249
3,0.99916667,0.0035671192354833087,0.9673333,0.050225388103475176
4,0.9993333,0.0025765643276584645,1.0,0.0014416344614195016
