epoch,acc,loss,val_acc,val_loss
0,0.84547794,0.38954628676342135,0.97961265,0.07052537131934397
1,0.97406775,0.07730505219750518,0.98572886,0.036482543879819494
2,0.98756963,0.03925169912313398,0.9908257,0.017761257963420284
