epoch,acc,loss,val_acc,val_loss
0,0.71712327,0.6699683091411852,0.76280487,0.7392000240775255
1,0.9650685,0.1165707863612126,0.8945122,0.36242159298406196
2,0.98458904,0.05589772524082497,0.9097561,0.31754408619151664
3,0.9900685,0.030988053929009666,0.8762195,0.6308274213224649
4,0.99246573,0.028393166109103047,0.91646343,0.382366775875338
5,0.99657536,0.012950841531361619,0.95,0.256789383503089
6,0.99486303,0.013709859777726744,0.8890244,0.516953169905509
